name,sequence,mz,RT,mz-tol,rt-tol
spike1,X[+457.2834],457.2834,2439,10 ppm,500
spike2,X[+895.9493],895.9493,4212,10 ppm,500
spike3,X[+966.088],966.088,5925,10 ppm,500
spike4,GEPAAAAAPEAGASPVEK[+8.014199]/2,815.9118,1890,10 ppm,300
spike5,NLVVGDETTSSLR[+10.008269]/2,700.8664,2611,10 ppm,300
spike6,LQPGDIGIYR[+10.008269]/2,571.3156,3067,10 ppm,300
spike7,VVVLPSGALQISR[+10.008269]/2,674.913,3995,10 ppm,300
spike8,YPGAYYIFQIK[+8.014199]/2,685.8654,4595,10 ppm,300
spike9,NIPTVNENLENYYLEVNQLEK[+8.014199]/3,848.7618,5490,10 ppm,300
